,n,auroc_with_confidence_interval,auroc,auroc_confidence_interval_lower,auroc_confidence_interval_upper,calibration_intercept,calibration_slope,calibration_loss
Physician (Percentage),173,"0.57 [0.39, 0.74]",0.5704617834394905,0.38773006134969323,0.7380952380952381,"-0.064 [-0.62, 0.49]","-0.12 [-0.30, 0.051]",0.0099
Physician (Category),173,"0.71 [0.56, 0.84]",0.7066082802547771,0.555383022774327,0.8420060331825038,"-3.7e+15 [-3.7e+15, -3.7e+15]","0.15 [0.065, 0.23]",0.46
Model,165,"0.76 [0.63, 0.89]",0.764,0.6334120425029516,0.8910675381263616,"0.23 [-0.32, 0.78]","1.3 [0.58, 2.1]",0.0087
Combined Model and Physician (Percentage),165,"0.78 [0.66, 0.89]",0.7822222222222223,0.6609686609686609,0.894880174291939,"0.42 [-0.14, 0.97]","1.3 [0.60, 2.0]",0.018
Combined Model and Physician (Category),165,"0.80 [0.67, 0.92]",0.8,0.6674550614947966,0.9186376537369916,"0.19 [-0.38, 0.77]","1.1 [0.57, 1.6]",0.013
