,n,auroc_with_confidence_interval,auroc,auroc_confidence_interval_lower,auroc_confidence_interval_upper,calibration_intercept,calibration_slope,calibration_loss
Physician (Percentage),399,"0.60 [0.46, 0.75]",0.6047222222222222,0.45957929469993813,0.7549394221808015,"-0.085 [-0.53, 0.36]","-0.072 [-0.18, 0.035]",0.018
Physician (Category),399,"0.72 [0.60, 0.82]",0.715111111111111,0.6022425850012056,0.8199443413729128,"-3.9e+15 [-3.9e+15, -3.9e+15]","0.14 [0.077, 0.21]",0.38
Model at Physician Prediction,385,"0.77 [0.67, 0.87]",0.7749219312995437,0.6667777777777778,0.870094191522763,"-0.086 [-0.52, 0.35]","1.2 [0.66, 1.7]",0.017
Model at Patient Discharge,399,"0.79 [0.69, 0.87]",0.7872222222222222,0.6897203325774754,0.8749226644669004,"-0.094 [-0.52, 0.33]","1.2 [0.72, 1.8]",0.019
Combined Model and Physician (Percentage),385,"0.79 [0.69, 0.87]",0.7851309152053807,0.6866295264623956,0.8715486194477791,"-5.5e-06 [-0.44, 0.44]","1.1 [0.61, 1.5]",0.014
Combined Model and Physician (Category),385,"0.80 [0.69, 0.90]",0.8003843382176316,0.6911111111111111,0.8953005115089514,"0.00054 [-0.45, 0.45]","1.0 [0.65, 1.4]",0.016
