,n,auroc_with_confidence_interval,auroc,auroc_confidence_interval_lower,auroc_confidence_interval_upper,calibration_intercept,calibration_slope,calibration_loss
Physician (Percentage),97,"0.72 [0.35, 0.95]",0.7228260869565217,0.3532608695652174,0.9489130434782608,"0.43 [-0.50, 1.3]","0.013 [-0.24, 0.27]",-0.0
Physician (Category),97,"0.73 [0.51, 0.91]",0.7304347826086957,0.5076086956521739,0.9105263157894737,"-4.0e+15 [-4.0e+15, -4.0e+15]","0.076 [-0.078, 0.23]",-0.0
Model,91,"0.68 [0.56, 0.78]",0.6813953488372092,0.5606060606060606,0.7840909090909091,"-0.44 [-1.4, 0.48]","0.44 [-0.67, 1.5]",-0.0
Combined Model and Physician (Percentage),91,"0.63 [0.45, 0.84]",0.6325581395348838,0.449438202247191,0.837121212121212,"-0.54 [-1.5, 0.38]","0.40 [-0.76, 1.6]",-0.0
Combined Model and Physician (Category),91,"0.69 [0.56, 0.84]",0.6906976744186046,0.5555555555555556,0.8370786516853933,"-0.34 [-1.3, 0.58]","0.69 [-0.54, 1.9]",-0.0
